{"Winloss": 0.7005595798246198, "Kicks": 6.419892725115637, "Handballs": 5.665151608741349, "Disposals": 9.692760454428557, "Marks": 3.393500333245927, "Goals": 1.205256401597778, "Behinds": 0.9577284128275533, "Tackles": 2.8683398184851545, "Hitouts": 8.073468765109487, "Goal Assists": 0.8466252005201266, "Inside 50s": 2.628062180940623, "Clearances": 2.992655607339432, "Rebound 50s": 2.8279582501757163, "Frees For": 1.3333371861391632, "Contested Possessions": 4.914558633420075, "Uncontested Possessions": 6.866119404858103, "Effective Disposals": 7.619681413935687, "Contested Marks": 1.2109221208400172, "Marks Inside 50": 1.2814594290473555, "One Percenters": 3.1819605779952087, "Bounces": 0.8725885636781098, "Centre Clearances": 1.463577623766002, "Stoppage Clearances": 2.0182775806050848, "Score Involvements": 3.2404963270709737, "Metres Gained": 198.60427667893876, "Intercepts": 3.6183999819821033, "Tackles Inside 50": 1.0968335612596145, "Time On Ground %": 17.539734352964746, "Uncontested Marks": 3.16052804570913, "Marks Outside 50": 3.3441702081766116, "Tackles Outside 50": 2.5986317518322015, "Behind Assists": 2.9896007507558457, "Ineffective Disposals": 3.8730465601775217, "Clangers": 2.4218494481203012, "Turnovers": 2.7707450130386477, "Frees Agains": 1.3407512516781792}